X,Y,Z,formation,Azimuth,Dip,Polarity
0.0,37.5,-0.36000000000000004,soil1,0,0,1
0.0,18.75,-0.36000000000000004,soil1,0,0,1
0.0,0.0,-0.36000000000000004,soil1,0,0,1
18.75,56.25,-0.36000000000000004,soil1,0,0,1
0.0,75.0,-0.81,soil2,0,0,1
37.5,37.5,-0.81,soil2,0,0,1
75.0,37.5,-0.81,soil2,0,0,1
0.0,0.0,-0.81,soil2,0,0,1
75.0,75.0,-1.35,soil3,0,0,1
0.0,0.0,-1.35,soil3,0,0,1
75.0,56.25,-1.35,soil3,0,0,1
75.0,18.75,-1.35,soil3,0,0,1
